R^2/m,Theta0,alpha
0.00926,0.57927,0.04097
