R^2/m,Theta0,alpha
0.01196,0.64964,0.04782

