R^2/m,Theta0,alpha
0.01701,0.60322,0.06094
